{"episode_rewards": [-115.0, -117.0, -109.0, -179.0, -113.0, -119.0, -119.0, -125.0, -111.0, -127.0, -124.0, -119.0, -119.0, -115.0, -127.0], "mean": -122.53333333333333, "std": 15.99527708071632}